repetition,seed,model,quantile_regime,days_evaluated,mse,mae
1,1042,qre,Q_[0.0_1.0],365,25.304861068725586,3.819227457046509
1,1042,qre,Q_[0.0_0.2],73,23.93008804321289,3.7575607299804688
1,1042,qre,Q_[0.9_1.0],37,26.961795806884766,3.8912034034729004
1,1042,single_bgnet,Q_[0.0_1.0],365,25.28981590270996,3.839414119720459
1,1042,single_bgnet,Q_[0.0_0.2],73,23.94953727722168,3.7798376083374023
1,1042,single_bgnet,Q_[0.9_1.0],37,26.94297218322754,3.911271095275879
1,1042,bagging_cqre,Q_[0.0_1.0],365,25.198772430419922,3.832428216934204
1,1042,bagging_cqre,Q_[0.0_0.2],73,23.844871520996094,3.7722740173339844
1,1042,bagging_cqre,Q_[0.9_1.0],37,26.8660888671875,3.904358148574829
1,1042,probability_pqre,Q_[0.0_1.0],365,25.203447341918945,3.837291717529297
1,1042,probability_pqre,Q_[0.0_0.2],73,23.85560417175293,3.777601480484009
1,1042,probability_pqre,Q_[0.9_1.0],37,26.8560791015625,3.908470869064331
1,1042,empirical_mean,Q_[0.0_1.0],365,24.89536476135254,3.6743052005767822
1,1042,empirical_mean,Q_[0.0_0.2],73,23.389719009399414,3.603999137878418
1,1042,empirical_mean,Q_[0.9_1.0],37,26.74091339111328,3.7599618434906006
