model,quantile_regime,days_evaluated,mean_mse,std_mse,mean_mae,std_mae
qre,Q_[0.0_1.0],365,25.317407608032227,0.010834077373148131,3.822121779123942,0.0031194370328844877
qre,Q_[0.0_0.2],73,23.944855372111004,0.01446059996741043,3.760223865509033,0.0031136731267607087
qre,Q_[0.9_1.0],37,26.964921951293945,0.005300572525373351,3.8931313355763755,0.0027405123893761633
single_bgnet,Q_[0.0_1.0],365,25.286954243977863,0.023014007287393674,3.836099068323771,0.008099189823268757
single_bgnet,Q_[0.0_0.2],73,23.93412717183431,0.03259839440501095,3.776197592417399,0.00907751657561077
single_bgnet,Q_[0.9_1.0],37,26.93461545308431,0.015094638851100052,3.9069695472717285,0.007274786348234609
bagging_cqre,Q_[0.0_1.0],365,25.120283126831055,0.06159748685226416,3.8057018915812173,0.02147858475555014
bagging_cqre,Q_[0.0_0.2],73,23.74349085489909,0.08021697751595493,3.74383544921875,0.022835170394346693
bagging_cqre,Q_[0.9_1.0],37,26.813591639200848,0.040806302781375425,3.8798888524373374,0.019796154577971757
probability_pqre,Q_[0.0_1.0],365,25.145830154418945,0.042459066432967936,3.8184935251871743,0.014030378092650835
probability_pqre,Q_[0.0_0.2],73,23.78288205464681,0.05399706789722143,3.757639726003011,0.01488496497882726
probability_pqre,Q_[0.9_1.0],37,26.8144105275472,0.030479478908963454,3.8909356594085693,0.013143097616596338
empirical_mean,Q_[0.0_1.0],365,24.89536476135254,0.0,3.6743052005767822,0.0
empirical_mean,Q_[0.0_0.2],73,23.389719009399414,0.0,3.603999137878418,0.0
empirical_mean,Q_[0.9_1.0],37,26.74091339111328,0.0,3.7599618434906006,0.0
